id,priorite,score,enseigne,type,segment,marques,commune,zone,adresse,lat,lng,tel,tel2,whatsapp,email,web,taille,formalise,anciennete,fiabilite,sources,motifHorsCible
P125,A,85,CFAO MOTORS COTE DIVOIRE,Entreprise enregistrée (annuaire),,,Treichville,,129 Bd de Marseille,,,+2252721751500,,,,,Grand,Oui (immatriculée),1973,Moyenne,Annuaire Yelloci (2026-08-25),Concession / distributeur de marque
P154,A,85,COMPTOIR DE L'AUTO DU CYCLE OUTILLAGE MATERIEL INDUST. AGRI,Entreprise enregistrée (annuaire),,,Treichville,,"Bd Giscard Destaing rue 12, Treichville",,,+2252721242168,,,,,Grand,Oui (immatriculée),1932,Moyenne,Annuaire Yelloci (2026-08-25),Outillage atelier
P130,A,85,EXPLOITATION MATERIEL AUTO COTE DIVOIRE,Entreprise enregistrée (annuaire),,,Treichville,,"17 rue des Brasseurs, Zone 3 Treichville",,,+2252721254482,,,,,Grand,Oui (immatriculée),1984,Moyenne,Annuaire Yelloci (2026-08-25),
P131,A,85,KABALANE ET CIE,Entreprise enregistrée (annuaire),,,Treichville,,"Bd Giscard Destaing, Treichville",,,+2252721759350,,,,,Grand,Oui (immatriculée),1968,Moyenne,Annuaire Yelloci (2026-08-25),
P132,A,85,PIECES IMPORT EXPRESS,Entreprise enregistrée (annuaire),,,Marcory,,"Rue de la Paix, Marcory",,,+2252721755925,,,,,Grand,Oui (immatriculée),1974,Moyenne,Annuaire Yelloci (2026-08-25),
P119,A,85,Premoto Toyota SA,Entreprise enregistrée (annuaire),,,Marcory,,"Bd Giscard Destaing, Marcory, 15 BP 630",,,+2252721251515,,,,,Grand,Oui (immatriculée),1969,Moyenne,Annuaire Yelloci (2026-08-25),Concession / distributeur de marque
P135,A,85,SANS PAREIL,Entreprise enregistrée (annuaire),,,Treichville,,"Bd de Marseille (Notre Dame d'Afrique), Biétry Marcory",,,+2252721247778,,,,,Grand,Oui (immatriculée),1962,Moyenne,Annuaire Yelloci (2026-08-25),
P121,A,85,SETACI,Entreprise enregistrée (annuaire),,,Marcory,,"Rue Chevalier de Clieu, Zone 4C Marcory",,,+2252721759090,,,,,Grand,Oui (immatriculée),1974,Moyenne,Annuaire Yelloci (2026-08-25),Concession / distributeur de marque
P143,A,85,STE AFRICAINE REPRESENTATION INDUSTRIELLE,Entreprise enregistrée (annuaire),,,Treichville,,"117 Bd de Marseille Zone 3, Treichville",,,+2252721751800,,,,,Grand,Oui (immatriculée),1949,Moyenne,Annuaire Yelloci (2026-08-25),
P137,A,85,STE D'ELECTRICITE-INJECTION-FILTRATION AUTOMOBILE,Entreprise enregistrée (annuaire),,,Treichville,,"Bd des Armées Km3, Treichville",,,+2252721249779,,,,,Grand,Oui (immatriculée),1987,Moyenne,Annuaire Yelloci (2026-08-25),
P144,A,85,STE D'IMPORTATION DE PIECES AUTOMOBILES,Entreprise enregistrée (annuaire),,,Treichville,,"Bd Giscard Destaing (Cacomiaf), Treichville",,,+2252721241052,,,,,Grand,Oui (immatriculée),1962,Moyenne,Annuaire Yelloci (2026-08-25),
P142,A,85,Ste IV. Farhat Frères,Entreprise enregistrée (annuaire),,,Marcory,,Rue Thomas Edison Zone 4C Marcory,,,+2252721249555,,,,,Grand,Oui (immatriculée),1964,Moyenne,Annuaire Yelloci (2026-08-25),
P164,A,83,ETS GEORGES WAKIM,Entreprise enregistrée (annuaire),,,Adjamé,,Adjamé (imm. Mirador),,,+2252720372194,,,,,Grand,Oui (immatriculée),1987,Moyenne,Annuaire Yelloci (2026-08-25),
P165,A,83,ETS SAAD WAFIC,Entreprise enregistrée (annuaire),,,Adjamé,,Adjamé (imm. Mirador),,,+2252720370372,,,,,Grand,Oui (immatriculée),1987,Moyenne,Annuaire Yelloci (2026-08-25),
P140,A,78,STE IV. DE MATERIEL & PIECES OCCASION,Entreprise enregistrée (annuaire),,,Yopougon,,ZI Yopougon,,,+2252723467331,,,,,Grand,Oui (immatriculée),1984,Moyenne,Annuaire Yelloci (2026-08-25),
P027,A,75,Unipièces,Vendeur pièces (premium),"Pièces certifiées, moteur, entretien","Multimarques + chinoises (Changan, Jetour, MG)",Marcory,,"Zone 4 / Marcory (Imm. H&A, Av. Vanie Bi Tra)",,,+2250503775040,,,,https://www.facebook.com/ads/library/?id=1304412025232196,Moyen,,,Haute,Facebook Ad Library (2026-05-29),
P026,A,75,WEHBE AZ AUTO PARTS,Vendeur pièces (spécialiste),Pièces neuves & importées,Kia & Hyundai,Marcory,,Abidjan – Zone 4,,,+2250769212021,,,,https://www.facebook.com/ads/library/?id=2295449964321083,Moyen,,,Haute,Facebook Ad Library (2026-05-29),
P003,B,69,Esm pièces auto,Vendeur pièces,"Plaquettes frein, amortisseurs, filtres huile/air, bougies, pare-chocs, feux av/ar, courroies (occasion & neuf, origine)","Mercedes-Benz, BMW, Suzuki, Hyundai, Kia, Mitsubishi, Range Rover",,,Côte d'Ivoire (livraison),,,+2250717157702,,+2250717157702,,https://www.facebook.com/ads/library/?id=1745794686399721,Moyen,,,Haute,Facebook Ad Library (2026-05-29),
P007,B,69,kalouba pièce (Kalou Pièces Auto),Vendeur pièces,Pièces détachées toutes marques,"Toutes marques (Mazda, Toyota, RAV4, Hyundai, Honda, Golf, Peugeot, Suzuki, Renault, Nissan, Isuzu, Mitsubishi, Kia, GMC, Mercedes)",,,Abidjan,,,+2250701756276,+2250556872010,+2250701756276,,https://www.facebook.com/ads/library/?id=1327167269119540,Moyen,,,Haute,Facebook Ad Library (2026-05-29),
P001,B,67,3H Autoparts,Vendeur pièces (revendeur agréé),"Pièces authentiques/originales BOSCH, pièces auto générales",BOSCH (distributeur agréé) + multimarques,Marcory,,Angré 8e Tranche (près immeuble NSIA) ; Marcory Zone 4 (près CIE),,,+2250767893459,,+2250767893459,,https://www.facebook.com/ads/library/?id=1128626452725294,,,,Haute,Facebook Ad Library (2026-05-29),
P148,B,67,AGRIMAT,Entreprise enregistrée (annuaire),,,Treichville,,"Treichville/Marcory, Bd du Gabon face station Shell",,,+2252721244532,,,,,,Oui (immatriculée),,Moyenne,Annuaire Yelloci (2026-08-25),
P150,B,67,Apaci,Entreprise enregistrée (annuaire),,,Treichville,,Treichville av. 8 rue 22 barrée,,,+2252721241527,,,,,,Oui (immatriculée),,Moyenne,Annuaire Yelloci (2026-08-25),
P151,B,67,Auto Clima,Entreprise enregistrée (annuaire),,,Treichville,,"Biétry, Bd de Marseille vers Wafou",,,+2252721248175,,,,,,Oui (immatriculée),,Moyenne,Annuaire Yelloci (2026-08-25),"Garage / service, pas grossiste"
P126,B,67,CICOMAG SA,Entreprise enregistrée (annuaire),,,Treichville,,"215 Bd de Marseille, Zone 2 Treichville",,,+2252721213600,,,,,,Oui (immatriculée),2005,Moyenne,Annuaire Yelloci (2026-08-25),
P152,B,67,CIE d'Importation Distribution Pneumatiques,Entreprise enregistrée (annuaire),,,Treichville,,"129 Bd de Marseille, Treichville",,,+2252721751900,,,,,,Oui (immatriculée),1996,Moyenne,Annuaire Yelloci (2026-08-25),Pneumatiques uniquement
P153,B,67,Clim Auto Service,Entreprise enregistrée (annuaire),,,Treichville,,Bd de Marseille face CI-Telecom,,,+2252721242222,,,,,,Oui (immatriculée),,Moyenne,Annuaire Yelloci (2026-08-25),"Garage / service, pas grossiste"
P156,B,67,Distribution Services CI,Entreprise enregistrée (annuaire),,,Marcory,,Bd VGE après Ibis Marcory,,,+2252721243135,,,,,,Oui (immatriculée),,Moyenne,Annuaire Yelloci (2026-08-25),
P157,B,67,EAF Ets Amou & Fils,Entreprise enregistrée (annuaire),,,Treichville,,Treichville av. 8 rue 24,,,+2252721243089,,,,,,Oui (immatriculée),,Moyenne,Annuaire Yelloci (2026-08-25),
P158,B,67,Edex,Entreprise enregistrée (annuaire),,,Marcory,,Zone 4 près Inprobois,,,+2252721352764,,,,,,Oui (immatriculée),,Moyenne,Annuaire Yelloci (2026-08-25),
P160,B,67,ETABLISSEMENT SAAD RAED,Entreprise enregistrée (annuaire),,,Treichville,,Rue 22 barrée av. 8 Treichville,,,+2252721251212,,,,,,Oui (immatriculée),2001,Moyenne,Annuaire Yelloci (2026-08-25),
P161,B,67,ETABLISSEMENT WANSA,Entreprise enregistrée (annuaire),,,Treichville,,"Av. 8 rue barrée, Treichville",,,+2252721341867,,,,,,Oui (immatriculée),1998,Moyenne,Annuaire Yelloci (2026-08-25),
P167,B,67,Ets Bassam,Entreprise enregistrée (annuaire),,,Treichville,,Treichville,,,+2252721248548,,,,,,Oui (immatriculée),,Moyenne,Annuaire Yelloci (2026-08-25),
P166,B,67,ETS WAKIM PIERRE,Entreprise enregistrée (annuaire),,,Treichville,,Av. 8 Treichville,,,+2252721251675,,,,,,Oui (immatriculée),1997,Moyenne,Annuaire Yelloci (2026-08-25),
P171,B,67,GPA,Entreprise enregistrée (annuaire),,,Treichville,,Zone 3 rue des Carrossiers,,,+2252721355502,,,,,,Oui (immatriculée),,Moyenne,Annuaire Yelloci (2026-08-25),
P172,B,67,Intratec,Entreprise enregistrée (annuaire),,,Treichville,,14 Bd de Marseille,,,+2252721240406,,,,,,Oui (immatriculée),,Moyenne,Annuaire Yelloci (2026-08-25),
P173,B,67,IPR,Entreprise enregistrée (annuaire),,,Treichville,,Treichville Bd VGE,,,+2252721256137,,,,,,Oui (immatriculée),,Moyenne,Annuaire Yelloci (2026-08-25),
P174,B,67,IVOIRIENNE DE DISTRIBUTION ET D'AMENAGEMENT,Entreprise enregistrée (annuaire),,,Treichville,,Rue 5 av. 21 Treichville,,,+2252721250427,,,,,,Oui (immatriculée),2006,Moyenne,Annuaire Yelloci (2026-08-25),
P004,B,67,JAPKO pieces auto,Vendeur pièces,Pièces auto (japonaises & coréennes),Japonais & Coréen,Treichville,,Treichville Avenue 8 rue 25 (Chez Ali Abdallah),,,+2250718444448,,+2250718444448,,https://www.facebook.com/100063807512913/,,,,Haute,Facebook Ad Library (2026-05-29),
P175,B,67,JAPON OSAKA CASS INTERNATIONAL,Entreprise enregistrée (annuaire),,,Treichville,,Bd VGE (Kabalane) Treichville,,,+2252721350419,,,,,,Oui (immatriculée),2006,Moyenne,Annuaire Yelloci (2026-08-25),
P176,B,67,Kabbani Adel,Entreprise enregistrée (annuaire),,,Marcory,,Zone 4 rue du Canal,,,+2252721351491,,,,,,Oui (immatriculée),,Moyenne,Annuaire Yelloci (2026-08-25),
P010,B,67,Profleet Ci,Vendeur pièces (batteries + moteurs),"Batteries 45AH→225AH (AGM & SLI), VL & PL ; moteurs & boîtes (neuf/occasion)",BOSCH (batteries) toutes marques,Marcory,,Abidjan – Zone 4,,,+2250799555575,,+2250799555575,,https://www.facebook.com/ads/library/?id=2036728650596790,,,,Haute,Facebook Ad Library (2026-05-29),
P133,B,67,REDA KHALIL ZEIDAN,Entreprise enregistrée (annuaire),,,Marcory,,"Bd du Gabon prolongé (Premoto), Marcory / Bd VGE",,,+2252721265435,,,,,,Oui (immatriculée),2000,Moyenne,Annuaire Yelloci (2026-08-25) + Annuaire Yelloci (2026-08-25),Concession / distributeur de marque
P120,B,67,REPRESENTATION INTERNATIONALE MARKETING ET COMMERCIALE,Entreprise enregistrée (annuaire),,,Treichville,,"9 rue du Canal, Zone 3C Treichville",,,+2252721259338,,,,,,Oui (immatriculée),1998,Moyenne,Annuaire Yelloci (2026-08-25),
P138,B,67,STE DE DISTRIBUTION DE PIECES AUTO ET SCES,Entreprise enregistrée (annuaire),,,Treichville,,"13 av. 21 France-Amérique, Treichville",,,+2252721341122,,,,,,Oui (immatriculée),2000,Moyenne,Annuaire Yelloci (2026-08-25),
P139,B,67,STE DE DISTRIBUTION-IMPORTATION DE PIECES ET ACCESSOIRES,Entreprise enregistrée (annuaire),,,Marcory,,"Bd Giscard Destaing, Zone 4A Marcory",,,+2252721356670,,,,,,Oui (immatriculée),1995,Moyenne,Annuaire Yelloci (2026-08-25),
P141,B,67,STE IV. DE REPRESENTATION DE COMMERCE ET D'INDUSTRIE,Entreprise enregistrée (annuaire),,,Marcory,,"Bd Giscard Destaing Zone 4, Marcory",,,+2252721263939,,,,,,Oui (immatriculée),1998,Moyenne,Annuaire Yelloci (2026-08-25),
P017,B,66,Kama pièces auto,Vendeur pièces,"Moteur, suspension, freinage, vidange, accessoires","Mercedes, BMW, Range Rover, Audi, Golf (européens + asiatiques)",Cocody,,2 Plateaux Bleu Marine,,,+2250505287460,+2250788630740,+2250505287460,,https://www.facebook.com/ads/library/?id=842462165566503,,,,Haute,Facebook Ad Library (2026-05-29),
P145,B,65,ETABLISSEMENTS ZAIN ALY FRANCOIS,Entreprise enregistrée (annuaire),,,Adjamé,,"Quartier Bracodi, Adjamé",,,+2252720371931,,,,,,Oui (immatriculée),2003,Moyenne,Annuaire Yelloci (2026-08-25),
P163,B,65,ETS COSCHARIS AUTO IVOIREN,Entreprise enregistrée (annuaire),,,Adjamé,,"Bd de Gaulle carrefour Stif, Adjamé",,,+2252720380702,,,,,,Oui (immatriculée),1999,Moyenne,Annuaire Yelloci (2026-08-25),Concession / distributeur de marque
P124,B,65,Nccpiecesauto,Entreprise enregistrée (annuaire),,,Adjamé,,"Adjamé Bracodi, face en bas du pont",,,+2250787450813,,,,,,Oui (immatriculée),2015,Moyenne,Annuaire Yelloci (2026-08-25),
P147,B,65,Zonda & Frères,Entreprise enregistrée (annuaire),,,Adjamé,,"Adjamé, vers gare UTB",,,+2252720384801,,,,,,Oui (immatriculée),,Moyenne,Annuaire Yelloci (2026-08-25),
P057,B,63,General Auto Parts,Magasin de pièces (relevé terrain OSM),,"Honda, Hyundai, Infiniti, Kia, Lexus, Mazda, Mitsubishi, Nissan, Suzuki, Toyota, DAF, MAN, Renault Trucks, Mercedes-Trucks",Marcory,Marcory / Zone 4,,5.28222,-3.97961,+2252721241404,,,,,,,,Haute,OpenStreetMap node/4019543202 (2026-05-27),
P058,B,63,SAMCO Auto Parts,Magasin de pièces (relevé terrain OSM),,"Audi, BMW, Mercedes-Benz, Volkswagen, Jeep, SsangYong",Marcory,Marcory / Zone 4,,5.28177,-3.97884,+2252721351444,+2250107075418,,,,,,,Haute,OpenStreetMap node/4019543204 (2026-05-27),
P123,B,62,7 AUTO,Entreprise enregistrée (annuaire),,,Plateau,,"Av. Delafosse, Imm. KM esc. B, Plateau",,,+2252720320515,,,,,,Oui (immatriculée),2007,Moyenne,Annuaire Yelloci (2026-08-25),
P045,B,62,Accessoires Auto FR,Accessoires,"Housses de sièges, garde-boue",Multimarques,Cocody,,Angré Oscars (rue 120),,,+2250769159403,,+2250769159403,,https://www.facebook.com/ads/library/?id=1449427963225364,,,,Haute,Facebook Ad Library (2026-05-29),Accessoires / tuning / multimédia
P005,B,62,Ade Pieces Auto,Vendeur pièces,Pièces Honda neuves ou certifiées,Honda,Koumassi,,"Koumassi Remblais (près Pharmacie du Canal) ; Abatta (route Abatta Village, carrefour Drogba)",,,+2250707828927,,+2250707828927,,https://www.facebook.com/adepiecesauto,,,,Haute,Facebook Ad Library (2026-05-29),
P149,B,62,Ansan International,Entreprise enregistrée (annuaire),,,Plateau,,"Plateau, rue du Commerce",,,+2252720224015,,,,,,Oui (immatriculée),,Moyenne,Annuaire Yelloci (2026-08-25),
P030,B,62,Auto One Abidjan,Boutique auto,Profil à préciser (boutique auto Angré),Multimarques,Cocody,,Angré,,,+2250170060606,,+2250170060606,,https://www.facebook.com/ads/library/?id=1730883321413005,,,,Haute,Facebook Ad Library (2026-05-29),
P014,B,62,Cartex Center,Vendeur pièces,Pièces détachées auto (large gamme),Multimarques,Cocody,,"Cocody Angré, 100m commissariat 22e Arrondissement",,,+2250141868449,,,,https://www.facebook.com/ads/library/?id=2262976750897707,,,,Haute,Facebook Ad Library (2026-05-29),
P127,B,62,CIERA,Entreprise enregistrée (annuaire),,,Cocody,,"Cocody 2 Plateaux, derrière Las Palmas",,,+2252722420049,,,,,,Oui (immatriculée),,Moyenne,Annuaire Yelloci (2026-08-25),
P169,B,62,FULCYGES,Entreprise enregistrée (annuaire),,,Cocody,,II Plateaux (Sococe) Cocody,,,+2252722506765,,,,,,Oui (immatriculée),2006,Moyenne,Annuaire Yelloci (2026-08-25),
P170,B,62,Gil Company,Entreprise enregistrée (annuaire),,,Cocody,,Cocody,,,+2252722419502,,,,,,Oui (immatriculée),,Moyenne,Annuaire Yelloci (2026-08-25),
P028,B,62,Melhem Auto Service,Vendeur pièces (spécialiste),Spécialiste boîtes automatiques (vente + réparation),"Toutes marques (incl. Haval, Changan)",Cocody,,Rivièra Palmeraie (avant barrage,,,+2250749481313,,+2250749481313,,https://www.facebook.com/ads/library/?id=1759365545231286,,,,Haute,Facebook Ad Library (2026-05-29),
P043,B,62,Moné accessoires,Accessoires/multimédia,"Autoradios écrans Android/CarPlay, alarmes, appui-têtes écrans",Multimarques,Cocody,,2 Plateaux (rue K54),,,+2250704915309,+2250789048169,+2250704915309,,https://www.facebook.com/ads/library/?id=2482760902163301,,,,Haute,Facebook Ad Library (2026-05-29),Accessoires / tuning / multimédia
P033,B,62,Pare Brise Express CI,Vitrage (pose),Remplacement pare-brise à domicile,Multimarques,Cocody,,Abidjan (Cocody),,,+2250704007991,,+2250704007991,,https://www.facebook.com/ads/library/?id=1138697141661387,,,,Haute,Facebook Ad Library (2026-05-29),Vitrage — hors pièces mécaniques
P044,B,62,Roi des écrans,Accessoires/multimédia,"Autoradios écrans Android, caméra de recul",Multimarques,Cocody,,Angré (nouveau CHU),,,+2250574450550,,,,https://www.facebook.com/ads/library/?id=1764791617830529,,,,Haute,Facebook Ad Library (2026-05-29),
P021,B,62,SOLUXECAR,Garage/centre auto + sourcing pièces,"Lavage/detailing, carrosserie/peinture, mécanique/électricité, commande express pièces détachées",Multimarques,Cocody,,"M'badon, face Université UIPA",,,+2250505195752,+2250556486076,+2250505195752,,https://www.facebook.com/ads/library/?id=844709444875236,,,,Haute,Facebook Ad Library (2026-05-29),"Garage / service, pas grossiste"
P020,B,61,Auto détachées toute marques,Vendeur pièces (neuf & casse),Pièces neuves & de casse ; mécaniciens sur site,"Toutes marques (Toyota, Nissan, Renault, Mitsubishi, Suzuki, BMW, Mercedes, Chevrolet, Golf, Peugeot)",,,Abidjan,,,+2250706272749,+2250173277518,+2250706272749,,https://www.facebook.com/ads/library/?id=943504001545340,,,,Haute,Facebook Ad Library (2026-05-29),
P023,B,61,Emmason pièce auto,Vendeur pièces,Pièces détachées (japonaises),"Suzuki, Toyota, Mitsubishi, Mazda",,,Abidjan,,,+2250508918791,,+2250508918791,,https://www.facebook.com/61561749957193,,,,Haute,Facebook Ad Library (2026-05-29),
P009,B,61,IKGOD Global Pièces Auto,Vendeur pièces,Large gamme pièces (gros & détail),"Land Rover, Range Rover, Jaguar, Chevrolet, Kia, Hyundai, Suzuki",,,Côte d'Ivoire (livraison),,,+2250554453333,,+2250554453333,,https://www.facebook.com/61561546539599,,,,Haute,Facebook Ad Library (2026-05-29),
P022,B,61,KAB service automobile,Vendeur pièces,"Demi-moteur, pare-chocs, phares, feux, ailes, coffre, support moteur","Chinoises + japonaises (Suzuki, Haval, Changan, Toyota)",,,Abidjan (livraison),,,+2250506840870,,+2250506840870,,https://www.facebook.com/ads/library/?id=1528567052259651,,,,Haute,Facebook Ad Library (2026-05-29),
P155,B,60,DIARRASSOUBA ADAMA,Entreprise enregistrée (annuaire),,,Yopougon,,Yopougon,,,+2250107577414,,,,,,Oui (immatriculée),1999,Moyenne,Annuaire Yelloci (2026-08-25),
P159,B,60,ENTREPRISE IVOIRIENNE DE COMMERCE,Entreprise enregistrée (annuaire),,,Yopougon,,Lot 221 Wassakara Yopougon,,,+2250107847236,,,,,,Oui (immatriculée),2005,Moyenne,Annuaire Yelloci (2026-08-25),
P122,B,60,FODIDRIVE,Entreprise enregistrée (annuaire),,,Yopougon,,Yopougon Kenya,,,+2250585485289,,,,,,Oui (immatriculée),2020,Moyenne,Annuaire Yelloci (2026-08-25),
P032,B,60,King's Auto Glass,Vitrage (vente + pose),"Pare-brise, carreaux portières, lunette arrière (gros & détail + pose)",Toutes marques,Yopougon,,Yopougon (garage CIE,,,+2250778081540,+2250171556104,+2250171556104,,https://www.facebook.com/ads/library/?id=1850372412605908,,,,Haute,Facebook Ad Library (2026-05-29),Vitrage — hors pièces mécaniques
P134,B,60,RESEAU IVOIRIEN DE MAINTENANCE,Entreprise enregistrée (annuaire),,,Yopougon,,"Banco Résidentiel, Yopougon",,,+2252723522684,,,,,,Oui (immatriculée),2004,Moyenne,Annuaire Yelloci (2026-08-25),
P008,B,60,SMS Pièces Auto Bmw-mercedes,Vendeur pièces,Pièces d'origine + entretien/réparation/diagnostic,"BMW, Mercedes-Benz, Mini Cooper (allemandes premium)",Yopougon,,Yopougon (près Carrefour Sipim),,,+2250778575635,+2250707577057,,,https://www.facebook.com/ads/library/?id=1286741479765546,,,,Haute,Facebook Ad Library (2026-05-29),
P019,B,60,SMS-Société Multi services,Vendeur pièces,Pièces détachées,"Great Wall, Haval (chinoises)",Yopougon,,Yopougon (à côté pharmacie Tereza),,,+2250566227791,+2250778990313,+2250566227791,,https://www.facebook.com/ads/library/?id=1641715776908278,,,,Haute,Facebook Ad Library (2026-05-29),
P049,B,60,Société Gedis-Lub,Magasin de pièces (relevé terrain OSM),,,Marcory,Marcory / Zone 4,11 Rue Clément Ader Zone 4c Marcory,5.29580,-3.98779,+2252721354486,,,infos@gedislub.com,https://gedislub.com/,,,,Haute,OpenStreetMap node/3025272709 (2026-05-27),
P006,B,60,TSF SARL,Vendeur pièces (carrosserie),"Pare-chocs av/ar, phares, feux ar, calandres, rétroviseurs, antibrouillards, clignotants, ailes, capots + lavage/polissage phares",KIA & Hyundai,Yopougon,,Yopougon Sablé (près pharmacie les Oliviers),,,+2250709744437,+2250101689040,+2250709744437,,https://www.facebook.com/ads/library/?id=2083792775893644,,,,Haute,Facebook Ad Library (2026-05-29),
P146,B,60,YAO BOSSIAN IMPORT-EXPORT,Entreprise enregistrée (annuaire),,,Yopougon,,"Carrefour Ficgayo, Yopougon",,,+2250108148810,,,,,,Oui (immatriculée),2003,Moyenne,Annuaire Yelloci (2026-08-25),
P011,B,58,CAR GLASS CI,Vendeur/poseur (vitrage),"Pare-brise / vitrage auto, remplacement à domicile",Multimarques,Abobo,,Abobo (Pharmacie Providence),,,+2250789244524,,+2250789244524,,https://www.facebook.com/ads/library/?id=981638704231215,,,,Haute,Facebook Ad Library (2026-05-29),Vitrage — hors pièces mécaniques
P129,B,58,DIARRASSOUBA LASSANA CASSE AFRICA IMPORT,Entreprise enregistrée (annuaire),,,Abobo,,"Rue des Rails, Cité Verte Abobo",,,+2252724396480,,,,,,Oui (immatriculée),2004,Moyenne,Annuaire Yelloci (2026-08-25),
P031,B,58,Impérial Pare-brise,Vitrage (vente + pose),"Pare-brise, carreaux portières, lunette arrière (gros & détail + pose)",Toutes marques,Abobo,,Abobo Banco,,,+2250715512476,+2250505095423,+2250505095423,,https://www.facebook.com/ads/library/?id=1232347428796537,,,,Haute,Facebook Ad Library (2026-05-29),Vitrage — hors pièces mécaniques
P018,B,58,Soum auto,Vendeur pièces,"Pièces neuves & d'origine, tous types de véhicules",Toutes marques,Abobo,,Abobo N'dotre,,,+2250759336942,+2250504037890,+2250759336942,,https://www.facebook.com/ads/library/?id=910846268640379,,,,Haute,Facebook Ad Library (2026-05-29),
P046,B,57,Auto Afrika,Accessoires,Habillages sièges cuir,Multimarques,,,Abidjan,,,+2250545174206,,,,https://www.facebook.com/ads/library/?id=990803596981139,,,,Haute,Facebook Ad Library (2026-05-29),Accessoires / tuning / multimédia
P034,B,57,AUTO Pare-brise,Vitrage (pose),Remplacement pare-brise/vitres à domicile,Multimarques,,,Abidjan,,,+2250556565785,,,,https://www.facebook.com/ads/library/?id=2034972087901786,,,,Haute,Facebook Ad Library (2026-05-29),Vitrage — hors pièces mécaniques
P035,B,57,Auto STYLE,Accessoires,Tapis de sol toutes marques,Multimarques,,,Abidjan,,,+2250556954533,,,,https://www.facebook.com/ads/library/?id=3899492897011570,,,,Haute,Facebook Ad Library (2026-05-29),Accessoires / tuning / multimédia
P042,B,57,CHIC AUTO STORE,Accessoires/tuning,"Tuning/carrosserie sport: lames, becquets, diffuseurs, calandres, pare-chocs M-Tech, bas de caisse, embouts échappement",BMW E46 + universel,,,Abidjan,,,+2250787056582,,+2250787056582,,https://www.facebook.com/ads/library/?id=1187869786721391,,,,Haute,Facebook Ad Library (2026-05-29),Accessoires / tuning / multimédia
P048,B,57,ci pièces,Outillage,Outillage mécanique,Multimarques,,,Abidjan,,,+2250708389934,+2250151527831,+2250708389934,,https://www.facebook.com/ads/library/?id=988656073849181,,,,Haute,Facebook Ad Library (2026-05-29),Outillage atelier
P128,B,57,Cool Service,Entreprise enregistrée (annuaire),,,,,Bd Marseille Zone 2C face BIAO,,,+2252721252125,,,,,,Oui (immatriculée),2001,Moyenne,Annuaire Yelloci (2026-08-25),
P015,B,57,Dav Pièces détachées automobile,Vendeur pièces,"Mécanique & tôlerie, sur référence","Voitures chinoises (Haval, BYD, Changan)",,,Abidjan,,,+2250584070918,,+2250584070918,,https://www.facebook.com/ads/library/?id=863053572795265,,,,Haute,Facebook Ad Library (2026-05-29),
P029,B,57,David auto parts,Vendeur pièces,Pièces auto toutes marques,Toutes marques,,,Abidjan,,,+2250586403841,,+2250586403841,,https://www.facebook.com/ads/library/?id=2896356267392080,,,,Haute,Facebook Ad Library (2026-05-29),
P168,B,57,FAN,Entreprise enregistrée (annuaire),,,,,Rue des Majorettes,,,+2252721258435,,,,,,Oui (immatriculée),,Moyenne,Annuaire Yelloci (2026-08-25),
P002,B,57,Global Auto,Vendeur pièces,"Amortisseurs, plaquettes frein, feux, évaporateurs, boîtiers papillon (avec réf. constructeur)",Mitsubishi (origine),,,Abidjan (site web),,,+2250150500011,,+2250150500011,,https://www.facebook.com/ads/library/?id=1643039233267845,,,,Haute,Facebook Ad Library (2026-05-29),
P024,B,57,Mk pièce auto,Vendeur pièces,Pièces mécaniques + accessoires,Toutes marques,,,Abidjan (livraison CI),,,+2250789886981,,+2250789886981,,https://www.facebook.com/ads/library/?id=2433009287178474,,,,Haute,Facebook Ad Library (2026-05-29),
P012,B,57,Noor Auto Design,Garage carrosserie + pièces,"Tôlerie, peinture, remplacement de pièces",Multimarques,,,Abidjan,,,+2250596890424,+2250796890424,+2250596890424,,https://www.facebook.com/ads/library/?id=2141619696628754,,,,Haute,Facebook Ad Library (2026-05-29),"Garage / service, pas grossiste"
P013,B,57,Pro catalyseur - pièces détachées,Vendeur pièces (échappement),"Catalyseurs, pots d'échappement, silencieux, sonde lambda, collecteurs",Multimarques,,,Abidjan,,,+2250160125088,,,,https://www.facebook.com/ads/library/?id=946325744984030,,,,Haute,Facebook Ad Library (2026-05-29),
P016,B,57,Sky Auto,Vendeur pièces,"Moteurs, pompes à essence, boîtes de vitesses, amortisseurs, pare-chocs, phares",Multimarques (origine),,,Abidjan,,,+2250707344432,,+2250707344432,,https://www.facebook.com/ads/library/?id=1917786628940788,,,,Haute,Facebook Ad Library (2026-05-29),
P136,B,57,STE COOPERATIVE AGRO INDUSTRIELLE DE LATENE,Entreprise enregistrée (annuaire),,,Port-Bouët,,ZI Vridi,,,+2252721219070,,,,,,Oui (immatriculée),2000,Moyenne,Annuaire Yelloci (2026-08-25),
P025,B,57,toure service automobile et pièces détachées,Vendeur pièces + multimédia,Pièces détachées + autoradios écrans Android,Multimarques,,,Côte d'Ivoire,,,+2250566460146,,,,https://www.facebook.com/ads/library/?id=1512329516960419,,,,Haute,Facebook Ad Library (2026-05-29),
P052,B,56,Nabilco,Magasin de pièces (relevé terrain OSM),,,Marcory,Marcory / Zone 4,,5.28047,-3.97640,+2252721350909,+2250108747979,,,,,,,Haute,OpenStreetMap node/3957504120 (2026-05-27),
P050,B,56,Ramco,Magasin de pièces (relevé terrain OSM),,,Marcory,Marcory / Zone 4,Rue du 7 Décembre Marcory,5.28141,-3.97653,+2252721356430,,,,,,,,Haute,OpenStreetMap node/3711226195 (2026-05-27),
P177,B,54,MAPA-CI,Acteur identifié (recensement interne),Distributeur pièces & produits d'entretien,,Treichville,,Treichville avenue 8 rue 24 ; succursale Adjamé face gare Stif,,,,,,,,Grand,,,À vérifier,ingest-sources-recensement.md §4.2 (2026-05),
P039,B,49,Export trade of auto parts,Import/export (grossiste),Pièces importées d'origine (grossiste/garages),"Mercedes, BMW, Audi, Land Rover, Porsche (import original)",,,International (fourniture directe),,,,,,,https://www.facebook.com/ads/library/?id=1203887401684802,,,,Moyenne,Facebook Ad Library (2026-05-29),Acteur étranger / broker export
P036,B,49,Z-tech_Auto,Import/export régional,"Pièces d'origine: moteurs, boîtes de vitesse, suspension, crémaillères, kit démarrage","Mercedes, Jaguar, Range Rover, Toyota, BMW, Honda, Changan, Jetour, Tesla, Ferrari, Porsche, Lexus",,,Burkina Faso (livre CI/Mali/Gabon/Congo),,,,,,,https://www.facebook.com/ads/library/?id=962028199790922,,,,Moyenne,Facebook Ad Library (2026-05-29),Acteur étranger / broker export
P040,B,45,Balora Hamidou / Universelle Import Export,Import/export (broker),"Véhicules, pièces détachées, engins, équipements","Chine, Corée, Japon",,,Chine (siège),,,,,,,https://www.facebook.com/ads/library/?id=1458903348782829,,,,Moyenne,Facebook Ad Library (2026-05-29),Acteur étranger / broker export
P047,B,45,BoomStore,Accessoires,"Tapis, marchepieds, protections, déco",Multimarques,,,Abidjan,,,,,,,https://www.facebook.com/ads/library/?id=948080681406949,,,,Moyenne,Facebook Ad Library (2026-05-29),Accessoires / tuning / multimédia
P038,B,45,Kul Digital,Signal marché (SaaS),SaaS gestion de stock pour boutiques pièces auto (kuldigital.com),N/A,,,N/A,,,,,,,https://www.facebook.com/ads/library/?id=961660940198548,,,,Moyenne,Facebook Ad Library (2026-05-29),"Signal marché, pas un vendeur"
P037,B,45,Toyota Côte d'Ivoire,Signal marché (OEM officiel),Campagne Pièces d'Origine anti-contrefaçon,Toyota,,,Côte d'Ivoire,,,,,,,https://www.facebook.com/ads/library/?id=1068017456402336,,,,Moyenne,Facebook Ad Library (2026-05-29),
P041,B,45,Xinruida Auto Export,Export véhicules,"SUV, tout-terrain, berlines (véhicules, pas pièces)",Véhicules chinois d'occasion,,,Chine (export),,,,,,,https://www.facebook.com/ads/library/?id=2060855771501238,,,,Moyenne,Facebook Ad Library (2026-05-29),Acteur étranger / broker export
P182,C,44,Établissement 2KDL,Acteur identifié (recensement interne),Magasin toutes marques,,Cocody,,2 Plateaux Agban,,,,,,,,Moyen,,,À vérifier,ingest-sources-recensement.md §4.2 (2026-05),
P184,C,39,Abidjan Casse Auto (A.C.A.),Acteur identifié (recensement interne),Casse — pièces d'occasion,,Koumassi,,"Koumassi, lot 1130 îlot 84",,,,,,,,Moyen,,,À vérifier,ingest-sources-recensement.md §4.2 (2026-05),
P055,C,39,Etablissement Fakhreddine,Magasin de pièces (relevé terrain OSM),,"BMW, Land Rover, Mercedes-Benz",Marcory,Marcory / Zone 4,,5.28373,-3.97500,,,,,,,,,À vérifier,OpenStreetMap node/4019333215 (2026-05-27),
P179,C,39,Planète Auto,Acteur identifié (recensement interne),Magasin enseigne,,Cocody,,Cocody Riviera 2,,,,,,,,Moyen,,,À vérifier,ingest-sources-recensement.md §4.2 (2026-05),
P053,C,39,SKF Le Roulement Ivoirien SA,Magasin de pièces (relevé terrain OSM),,SKF,Marcory,Marcory / Zone 4,,5.29280,-3.98272,,,,,,,,,À vérifier,OpenStreetMap node/3974972972 (2026-05-27),
P113,C,36,AZ Tec,Magasin de pièces (relevé terrain OSM),,,Marcory,Marcory / Zone 4,,5.28026,-3.97617,,,,,,,,,À vérifier,OpenStreetMap node/9101659917 (2026-05-27),
P066,C,36,Cacomiaf,Magasin de pièces (relevé terrain OSM),,,Treichville,Treichville,,5.30110,-4.01107,,,,,,,,,À vérifier,OpenStreetMap node/5552692688 (2026-05-27),
P115,C,36,japko,Magasin de pièces (relevé terrain OSM),,,Marcory,Marcory / Zone 4,,5.28122,-3.97598,,,,,,,,,À vérifier,OpenStreetMap node/13416124401 (2026-05-27),
P064,C,36,M2A,Magasin de pièces (relevé terrain OSM),,,Treichville,Treichville,,5.29651,-4.00006,,,,,,,,,À vérifier,OpenStreetMap node/4481301389 (2026-05-27),
P116,C,36,Parts autority,Magasin de pièces (relevé terrain OSM),,,Marcory,Marcory / Zone 4,,5.27983,-3.98025,,,,,,,,,À vérifier,OpenStreetMap node/13448504001 (2026-05-27),
P087,C,36,Pièces Auto Poids Lours,Magasin de pièces (relevé terrain OSM),,,Marcory,Marcory / Zone 4,,5.29811,-3.95769,,,,,,,,,À vérifier,OpenStreetMap node/5965102527 (2026-05-27),
P117,C,36,SAPCO SARL,Magasin de pièces (relevé terrain OSM),,,Marcory,Marcory / Zone 4,,5.28621,-3.97055,,,,,,,,,À vérifier,OpenStreetMap node/13482069601 (2026-05-27),
P118,C,36,STETS Spare parts,Magasin de pièces (relevé terrain OSM),,,Marcory,Marcory / Zone 4,,5.28479,-3.97023,,,,,,,,,À vérifier,OpenStreetMap node/13482328340 (2026-05-27),
P114,C,36,TRADCO,Magasin de pièces (relevé terrain OSM),,,Marcory,Marcory / Zone 4,,5.28042,-3.97713,,,,,,,,,À vérifier,OpenStreetMap node/12628718501 (2026-05-27),
P056,C,36,Wakim,Magasin de pièces (relevé terrain OSM),,,Marcory,Marcory / Zone 4,,5.28066,-3.97631,,,,,,,,,À vérifier,OpenStreetMap node/4019333308 (2026-05-27),
P071,C,34,Crystal pièce auto,Magasin de pièces (relevé terrain OSM),,,Adjamé,Adjamé,,5.36813,-4.01069,,,,,,,,,À vérifier,OpenStreetMap node/5924692776 (2026-05-27),
P070,C,34,Doum pièce auto,Magasin de pièces (relevé terrain OSM),,,Adjamé,Adjamé,,5.36818,-4.01060,,,,,,,,,À vérifier,OpenStreetMap node/5924692775 (2026-05-27),
P068,C,34,Ets salam pièce auto,Magasin de pièces (relevé terrain OSM),,,Adjamé,Adjamé,,5.36838,-4.00307,,,,,,,,,À vérifier,OpenStreetMap node/5924383999 (2026-05-27),
P072,C,34,Ets vente pèces auto,Magasin de pièces (relevé terrain OSM),,,Adjamé,Adjamé,,5.36518,-4.01446,,,,,,,,,À vérifier,OpenStreetMap node/5926609348 (2026-05-27),
P073,C,34,John pièces auto,Magasin de pièces (relevé terrain OSM),,,Adjamé,Adjamé,,5.36521,-4.01440,,,,,,,,,À vérifier,OpenStreetMap node/5926609349 (2026-05-27),
P074,C,34,Pièces détachées auto,Magasin de pièces (relevé terrain OSM),,,Adjamé,Adjamé,,5.36849,-4.00934,,,,,,,,,À vérifier,OpenStreetMap node/5926611292 (2026-05-27),
P178,C,34,SAM — Service Auto Méca,Acteur identifié (recensement interne),Distributeur pièces VL & PL,,,,Abidjan (s-automeca.com),,,,,,,,Moyen,,,À vérifier,ingest-sources-recensement.md §4.2 (2026-05),
P069,C,34,Tresor pièce auto,Magasin de pièces (relevé terrain OSM),,,Adjamé,Adjamé,,5.36850,-4.00458,,,,,,,,,À vérifier,OpenStreetMap node/5924692632 (2026-05-27),
P111,C,31,Afrique ivoire piece auto,Magasin de pièces (relevé terrain OSM),,,Cocody,Cocody / Angré,,5.35025,-3.97607,,,,,,,,,À vérifier,OpenStreetMap node/8905157800 (2026-05-27),
P092,C,31,Bam's Vente de Pièces Détachées,Magasin de pièces (relevé terrain OSM),,,Cocody,Cocody / Angré,,5.38490,-3.98880,,,,,,,,,À vérifier,OpenStreetMap node/8568829017 (2026-05-27),
P093,C,31,Carstore Accessoire Auto,Magasin de pièces (relevé terrain OSM),,,Cocody,Cocody / Angré,,5.39108,-3.98815,,,,,,,,,À vérifier,OpenStreetMap node/8569188880 (2026-05-27),Accessoires / tuning / multimédia
P104,C,31,Ciss Auto Vente de Pièces Détachées,Magasin de pièces (relevé terrain OSM),,,Cocody,Cocody / Angré,,5.39268,-3.99234,,,,,,,,,À vérifier,OpenStreetMap node/8839368732 (2026-05-27),
P110,C,31,Emma Pièces Auto,Magasin de pièces (relevé terrain OSM),,,Cocody,Cocody / Angré,,5.36459,-3.95085,,,,,,,,,À vérifier,OpenStreetMap node/8857717953 (2026-05-27),
P109,C,31,Euro Occasion,Magasin de pièces (relevé terrain OSM),,,Cocody,Cocody / Angré,,5.36546,-3.94777,,,,,,,,,À vérifier,OpenStreetMap node/8857717951 (2026-05-27),
P112,C,31,Kama Pièce Auto,Magasin de pièces (relevé terrain OSM),,,Cocody,Cocody / Angré,,5.39478,-3.98616,,,,,,,,,À vérifier,OpenStreetMap node/8983241280 (2026-05-27),
P102,C,31,Karyn's Group,Magasin de pièces (relevé terrain OSM),,,Cocody,Cocody / Angré,,5.39890,-3.95636,,,,,,,,,À vérifier,OpenStreetMap node/8832849841 (2026-05-27),
P088,C,31,Pièce auto (SIDMATE),Magasin de pièces (relevé terrain OSM),,,Koumassi,Koumassi,,5.30057,-3.94806,,,,,,,,,À vérifier,OpenStreetMap node/5966188285 (2026-05-27),
P108,C,31,Sens and seller services,Magasin de pièces (relevé terrain OSM),,,Cocody,Cocody / Angré,,5.37910,-3.97194,,,,,,,,,À vérifier,OpenStreetMap node/8846760224 (2026-05-27),
P059,C,31,Super Auto,Magasin de pièces (relevé terrain OSM),,,Plateau,Plateau,,5.31005,-4.00625,,,,,,,,,À vérifier,OpenStreetMap node/4021166134 (2026-05-27),
P103,C,31,Sylla Logistique,Magasin de pièces (relevé terrain OSM),,,Cocody,Cocody / Angré,,5.34068,-3.94516,,,,,,,,,À vérifier,OpenStreetMap node/8833620240 (2026-05-27),
P095,C,31,Top Auto,Magasin de pièces (relevé terrain OSM),,,Cocody,Cocody / Angré,,5.38338,-3.98759,,,,,,,,,À vérifier,OpenStreetMap node/8586904777 (2026-05-27),
P100,C,29,4 For Spécialiste en Batterie Auto,Magasin de pièces (relevé terrain OSM),,,Yopougon,Yopougon,,5.32892,-4.06894,,,,,,,,,À vérifier,OpenStreetMap node/8815392755 (2026-05-27),
P079,C,29,Annechrie pièces auto,Magasin de pièces (relevé terrain OSM),,,Yopougon,Yopougon,,5.35787,-4.10146,,,,,,,,,À vérifier,OpenStreetMap node/5934491415 (2026-05-27),
P101,C,29,Divine Pièces Autos,Magasin de pièces (relevé terrain OSM),,,Yopougon,Yopougon,,5.32892,-4.06897,,,,,,,,,À vérifier,OpenStreetMap node/8815392756 (2026-05-27),
P081,C,29,Fass Pieces Auto Magasin,Magasin de pièces (relevé terrain OSM),,,Yopougon,Yopougon,,5.36543,-4.09303,,,,,,,,,À vérifier,OpenStreetMap node/5938177984 (2026-05-27),
P077,C,29,HMK,Magasin de pièces (relevé terrain OSM),,,Yopougon,Yopougon,,5.36604,-4.08201,,,,,,,,,À vérifier,OpenStreetMap node/5931332761 (2026-05-27),
P099,C,29,Ivoire Pièces Autos,Magasin de pièces (relevé terrain OSM),,,Yopougon,Yopougon,,5.34068,-4.06334,,,,,,,,,À vérifier,OpenStreetMap node/8695378318 (2026-05-27),
P080,C,29,Japhnath pièces auto,Magasin de pièces (relevé terrain OSM),,,Yopougon,Yopougon,,5.35864,-4.10102,,,,,,,,,À vérifier,OpenStreetMap node/5934491418 (2026-05-27),
P067,C,29,KG Piéce Auto,Magasin de pièces (relevé terrain OSM),,,Yopougon,Yopougon,,5.35548,-4.07698,,,,,,,,,À vérifier,OpenStreetMap node/5922759795 (2026-05-27),
P076,C,29,Peter Emmanuel Pieces Auto,Magasin de pièces (relevé terrain OSM),,,Yopougon,Yopougon,,5.36665,-4.07471,,,,,,,,,À vérifier,OpenStreetMap node/5931332606 (2026-05-27),
P065,C,29,Rimco,Magasin de pièces (relevé terrain OSM),,,Yopougon,Yopougon,,5.37018,-4.08255,,,,,,,,,À vérifier,OpenStreetMap node/5447156062 (2026-05-27),
P051,C,29,Samco Vehicule,Magasin de pièces (relevé terrain OSM),,,Yopougon,Yopougon,,5.35586,-4.06732,,,,,,,,,À vérifier,OpenStreetMap node/3950240546 (2026-05-27),
P078,C,29,Succès pièces détachées,Magasin de pièces (relevé terrain OSM),,,Yopougon,Yopougon,,5.35829,-4.09691,,,,,,,,,À vérifier,OpenStreetMap node/5934490022 (2026-05-27),
P075,C,29,Techniflex,Magasin de pièces (relevé terrain OSM),,,Yopougon,Yopougon,,5.37387,-4.07767,,,,,,,,,À vérifier,OpenStreetMap node/5929228221 (2026-05-27),
P106,C,27,Aboubacar pièce auto,Magasin de pièces (relevé terrain OSM),,,Abobo,Abobo,,5.42475,-3.99020,,,,,,,,,À vérifier,OpenStreetMap node/8841921772 (2026-05-27),
P086,C,27,Albatros Pièce Auto,Magasin de pièces (relevé terrain OSM),,,Abobo,Abobo,,5.44168,-4.06896,,,,,,,,,À vérifier,OpenStreetMap node/5964014345 (2026-05-27),
P082,C,27,Bamba Pièce Auto,Magasin de pièces (relevé terrain OSM),,,Abobo,Abobo,,5.43244,-4.06600,,,,,,,,,À vérifier,OpenStreetMap node/5960161575 (2026-05-27),
P094,C,27,Confiance Pièces Auto,Magasin de pièces (relevé terrain OSM),,,Abobo,Abobo,,5.41363,-4.01580,,,,,,,,,À vérifier,OpenStreetMap node/8584469793 (2026-05-27),
P090,C,27,Dragon Vente de Pièces Détachées,Magasin de pièces (relevé terrain OSM),,,Abobo,Abobo,,5.42676,-4.02121,,,,,,,,,À vérifier,OpenStreetMap node/5973449431 (2026-05-27),
P083,C,27,ETS Bouger Vente Huile De Moteur,Magasin de pièces (relevé terrain OSM),,,Abobo,Abobo,,5.43081,-4.04994,,,,,,,,,À vérifier,OpenStreetMap node/5961516512 (2026-05-27),
P089,C,27,ETS Tonga Vente de Pièces Détachées,Magasin de pièces (relevé terrain OSM),,,Abobo,Abobo,,5.44361,-4.06733,,,,,,,,,À vérifier,OpenStreetMap node/5966476444 (2026-05-27),
P107,C,27,KMPA,Magasin de pièces (relevé terrain OSM),,,Abobo,Abobo,,5.44221,-4.02289,,,,,,,,,À vérifier,OpenStreetMap node/8842313730 (2026-05-27),
P085,C,27,Magasin Chez Diarra,Magasin de pièces (relevé terrain OSM),,,Abobo,Abobo,,5.42887,-4.07557,,,,,,,,,À vérifier,OpenStreetMap node/5964014301 (2026-05-27),
P091,C,27,Maputo Pièce Auto,Magasin de pièces (relevé terrain OSM),,,Abobo,Abobo,,5.42613,-4.02075,,,,,,,,,À vérifier,OpenStreetMap node/5973449436 (2026-05-27),
P105,C,27,Petit Dubaï Pièces auto,Magasin de pièces (relevé terrain OSM),,,Abobo,Abobo,,5.42333,-3.99166,,,,,,,,,À vérifier,OpenStreetMap node/8841921754 (2026-05-27),
P097,C,27,Pièces Détachées Bosh,Magasin de pièces (relevé terrain OSM),,,Abobo,Abobo,,5.41567,-4.00214,,,,,,,,,À vérifier,OpenStreetMap node/8596300926 (2026-05-27),
P098,C,27,Vente de Pièces Auto Chez Sam,Magasin de pièces (relevé terrain OSM),,,Abobo,Abobo,,5.41568,-4.00465,,,,,,,,,À vérifier,OpenStreetMap node/8596317324 (2026-05-27),
P096,C,27,Vente de Pièces Détachées Ets Agmana,Magasin de pièces (relevé terrain OSM),,,Abobo,Abobo,,5.41566,-4.00521,,,,,,,,,À vérifier,OpenStreetMap node/8596287045 (2026-05-27),
P060,C,26,Aya Auto,Magasin de pièces (relevé terrain OSM),,,,,,5.30935,-4.00657,,,,,,,,,À vérifier,OpenStreetMap node/4029138539 (2026-05-27),
P061,C,26,Bibars Auto,Magasin de pièces (relevé terrain OSM),,,,,,5.30907,-4.00659,,,,,,,,,À vérifier,OpenStreetMap node/4029138540 (2026-05-27),
P062,C,26,Fawaz Auto,Magasin de pièces (relevé terrain OSM),,,,,,5.30877,-4.00829,,,,,,,,,À vérifier,OpenStreetMap node/4029138541 (2026-05-27),
P054,C,26,Gloir a Dieu,Magasin de pièces (relevé terrain OSM),,,,,,5.30279,-3.97379,,,,,,,,,À vérifier,OpenStreetMap node/3995475501 (2026-05-27),
P063,C,26,Le Roi des Accessoires chez Issa,Magasin de pièces (relevé terrain OSM),,,,,,5.30911,-4.00644,,,,,,,,,À vérifier,OpenStreetMap node/4029138545 (2026-05-27),Accessoires / tuning / multimédia
P084,C,26,Oki Pièces Auto,Magasin de pièces (relevé terrain OSM),,,,,,5.30208,-3.96753,,,,,,,,,À vérifier,OpenStreetMap node/5963691621 (2026-05-27),
P180,C,25,Auto Mecanic CI,Acteur identifié (recensement interne),Mécanique + vente de pièces,,Yopougon,,Yopougon carrefour Siporex,,,,,,,,Petit,,,À vérifier,ingest-sources-recensement.md §4.2 (2026-05),
P181,C,25,Stephen Pièces Auto,Acteur identifié (recensement interne),Magasin de pièces,,Yopougon,,"Yopougon, face Uniwax",,,,,,,,Petit,,,À vérifier,ingest-sources-recensement.md §4.2 (2026-05),
P187,C,22,Casse Voiture Map,Acteur identifié (recensement interne),Casse — pièces d'occasion,,,,Abidjan,,,,,,,,Petit,,,À vérifier,ingest-sources-recensement.md §4.2 (2026-05),
P186,C,22,EasyPieces,Acteur identifié (recensement interne),Vente de pièces sur devis,,,,Abidjan,,,,,,,,Petit,,,À vérifier,ingest-sources-recensement.md §4.2 (2026-05),
P183,C,22,Établissement A.R,Acteur identifié (recensement interne),Magasin de pièces,,,,Abidjan (réf. Assonvon Motors),,,,,,,,Petit,,,À vérifier,ingest-sources-recensement.md §4.2 (2026-05),
P185,C,22,Lakasse,Acteur identifié (recensement interne),Pièces d'occasion en ligne,,,,Abidjan (plateforme + show-room),,,,,,,,Petit,,,À vérifier,ingest-sources-recensement.md §4.2 (2026-05),
